{
  "logistic_regression": {
    "accuracy": 0.72,
    "precision": 0.5238095238095238,
    "recall": 0.7333333333333333,
    "f1": 0.6111111111111112,
    "confusion_matrix": [
      [
        75,
        30
      ],
      [
        12,
        33
      ]
    ],
    "roc_auc": 0.7788359788359789
  },
  "random_forest": {
    "accuracy": 0.7733333333333333,
    "precision": 0.6774193548387096,
    "recall": 0.4666666666666667,
    "f1": 0.5526315789473685,
    "confusion_matrix": [
      [
        95,
        10
      ],
      [
        24,
        21
      ]
    ],
    "roc_auc": 0.785925925925926
  },
  "xgboost": {
    "accuracy": 0.7533333333333333,
    "precision": 0.5909090909090909,
    "recall": 0.5777777777777777,
    "f1": 0.5842696629213483,
    "confusion_matrix": [
      [
        87,
        18
      ],
      [
        19,
        26
      ]
    ],
    "roc_auc": 0.7646560846560847
  },
  "best_model": "random_forest",
  "best_auc": 0.785925925925926
}